year,origin,value,region_groups
2014,Afghanistan,2845,Asia-Pacific Group
2008,Afghanistan,2389,Asia-Pacific Group
2013,Afghanistan,852,Asia-Pacific Group
1995,Afghanistan,475,Asia-Pacific Group
2003,Afghanistan,2168,Asia-Pacific Group
2006,Afghanistan,2362,Asia-Pacific Group
2009,Afghanistan,2427,Asia-Pacific Group
2011,Afghanistan,2414,Asia-Pacific Group
2017,Afghanistan,921,Asia-Pacific Group
2015,Afghanistan,3438,Asia-Pacific Group
1996,Afghanistan,542,Asia-Pacific Group
2005,Afghanistan,2320,Asia-Pacific Group
2012,Afghanistan,368,Asia-Pacific Group
2001,Afghanistan,2188,Asia-Pacific Group
2016,Afghanistan,7806,Asia-Pacific Group
1997,Afghanistan,205,Asia-Pacific Group
2010,Afghanistan,2450,Asia-Pacific Group
1998,Afghanistan,94,Asia-Pacific Group
2000,Afghanistan,1214,Asia-Pacific Group
2002,Afghanistan,2090,Asia-Pacific Group
2004,Afghanistan,2333,Asia-Pacific Group
1999,Afghanistan,222,Asia-Pacific Group
1994,Afghanistan,382,Asia-Pacific Group
2007,Afghanistan,2370,Asia-Pacific Group
1993,Afghanistan,208,Asia-Pacific Group
2006,Albania,18,Eastern European Group
2005,Albania,15,Eastern European Group
2012,Albania,5,Eastern European Group
2008,Albania,13,Eastern European Group
2013,Albania,8,Eastern European Group
2001,Albania,11,Eastern European Group
2003,Albania,10,Eastern European Group
2007,Albania,14,Eastern European Group
1996,Albania,5,Eastern European Group
2004,Albania,19,Eastern European Group
2009,Albania,10,Eastern European Group
2000,Albania,5,Eastern European Group
2011,Albania,11,Eastern European Group
2002,Albania,14,Eastern European Group
2010,Albania,10,Eastern European Group
2007,Algeria,21,African Group
2014,Algeria,101,African Group
2009,Algeria,39,African Group
2016,Algeria,35,African Group
1999,Algeria,8,African Group
2004,Algeria,23,African Group
2005,Algeria,21,African Group
2001,Algeria,22,African Group
2011,Algeria,70,African Group
2006,Algeria,21,African Group
2012,Algeria,1,African Group
2003,Algeria,23,African Group
1996,Algeria,46,African Group
2008,Algeria,23,African Group
1998,Algeria,6,African Group
2015,Algeria,37,African Group
2000,Algeria,17,African Group
1995,Algeria,39,African Group
2002,Algeria,21,African Group
2013,Algeria,117,African Group
2017,Algeria,23,African Group
1994,Algeria,36,African Group
1997,Algeria,9,African Group
2010,Algeria,21,African Group
2004,Angola,7,African Group
2002,Angola,4,African Group
2006,Angola,5,African Group
2011,Angola,5,African Group
2007,Angola,5,African Group
2012,Angola,1,African Group
2008,Angola,5,African Group
2001,Angola,7,African Group
2009,Angola,5,African Group
1996,Angola,11,African Group
2000,Angola,7,African Group
1995,Angola,2,African Group
2003,Angola,5,African Group
2005,Angola,5,African Group
1994,Angola,1,African Group
2010,Angola,5,African Group
2000,Armenia,326,Eastern European Group
2010,Armenia,58,Eastern European Group
2005,Armenia,15,Eastern European Group
2012,Armenia,34,Eastern European Group
2016,Armenia,32,Eastern European Group
2001,Armenia,78,Eastern European Group
1993,Armenia,75,Eastern European Group
2002,Armenia,7,Eastern European Group
2008,Armenia,52,Eastern European Group
2013,Armenia,128,Eastern European Group
1994,Armenia,79,Eastern European Group
2007,Armenia,49,Eastern European Group
2011,Armenia,159,Eastern European Group
2017,Armenia,28,Eastern European Group
2014,Armenia,45,Eastern European Group
2006,Armenia,38,Eastern European Group
2009,Armenia,51,Eastern European Group
2004,Armenia,40,Eastern European Group
1996,Armenia,79,Eastern European Group
2015,Armenia,49,Eastern European Group
1995,Armenia,79,Eastern European Group
2013,Australia,1,Western European and Others Group (WEOG)
2011,Australia,1,Western European and Others Group (WEOG)
2012,Azerbaijan,1,Other / Not specified
2003,Azerbaijan,18,Other / Not specified
2016,Azerbaijan,5,Other / Not specified
2008,Azerbaijan,21,Other / Not specified
1995,Azerbaijan,20,Other / Not specified
2014,Azerbaijan,6,Other / Not specified
2000,Azerbaijan,18,Other / Not specified
1996,Azerbaijan,20,Other / Not specified
2001,Azerbaijan,19,Other / Not specified
2013,Azerbaijan,1,Other / Not specified
2015,Azerbaijan,6,Other / Not specified
2005,Azerbaijan,19,Other / Not specified
2011,Azerbaijan,4,Other / Not specified
2007,Azerbaijan,20,Other / Not specified
2010,Azerbaijan,20,Other / Not specified
2006,Azerbaijan,20,Other / Not specified
2004,Azerbaijan,20,Other / Not specified
1994,Azerbaijan,20,Other / Not specified
2002,Azerbaijan,19,Other / Not specified
2009,Azerbaijan,20,Other / Not specified
2005,Bahrain,1,Asia-Pacific Group
2000,Bahrain,1,Asia-Pacific Group
2002,Bahrain,1,Asia-Pacific Group
2004,Bahrain,1,Asia-Pacific Group
2009,Bahrain,1,Asia-Pacific Group
2001,Bahrain,1,Asia-Pacific Group
2008,Bahrain,1,Asia-Pacific Group
2010,Bahrain,1,Asia-Pacific Group
2006,Bahrain,1,Asia-Pacific Group
2003,Bahrain,1,Asia-Pacific Group
2007,Bahrain,1,Asia-Pacific Group
2010,Bangladesh,22,Asia-Pacific Group
2005,Bangladesh,18,Asia-Pacific Group
2012,Bangladesh,11,Asia-Pacific Group
2013,Bangladesh,23,Asia-Pacific Group
2014,Bangladesh,17,Asia-Pacific Group
2003,Bangladesh,10,Asia-Pacific Group
2004,Bangladesh,25,Asia-Pacific Group
2001,Bangladesh,1,Asia-Pacific Group
2009,Bangladesh,19,Asia-Pacific Group
2006,Bangladesh,20,Asia-Pacific Group
2002,Bangladesh,7,Asia-Pacific Group
2015,Bangladesh,48,Asia-Pacific Group
2016,Bangladesh,32,Asia-Pacific Group
2008,Bangladesh,17,Asia-Pacific Group
1995,Bangladesh,15,Asia-Pacific Group
2011,Bangladesh,29,Asia-Pacific Group
2017,Bangladesh,26,Asia-Pacific Group
2007,Bangladesh,17,Asia-Pacific Group
1996,Bangladesh,15,Asia-Pacific Group
1994,Bangladesh,14,Asia-Pacific Group
2007,Belarus,3,Eastern European Group
2011,Belarus,2,Eastern European Group
2000,Belarus,1,Eastern European Group
2009,Belarus,3,Eastern European Group
2014,Belarus,1,Eastern European Group
2013,Belarus,2,Eastern European Group
2015,Belarus,1,Eastern European Group
2010,Belarus,3,Eastern European Group
2006,Belarus,3,Eastern European Group
2012,Belarus,2,Eastern European Group
2016,Belarus,1,Eastern European Group
2008,Belarus,3,Eastern European Group
2005,Belarus,2,Eastern European Group
2004,Belarus,1,Eastern European Group
2007,Benin,2,African Group
2008,Benin,2,African Group
2001,Benin,2,African Group
2012,Benin,1,African Group
2009,Benin,2,African Group
2006,Benin,2,African Group
2005,Benin,2,African Group
2013,Benin,1,African Group
2003,Benin,2,African Group
2010,Benin,2,African Group
2004,Benin,2,African Group
2002,Benin,2,African Group
2011,Benin,1,African Group
2009,Bosnia and Herzegovina,36,Eastern European Group
2001,Bosnia and Herzegovina,35,Eastern European Group
2006,Bosnia and Herzegovina,35,Eastern European Group
1996,Bosnia and Herzegovina,49,Eastern European Group
2007,Bosnia and Herzegovina,35,Eastern European Group
1997,Bosnia and Herzegovina,27,Eastern European Group
2002,Bosnia and Herzegovina,35,Eastern European Group
2016,Bosnia and Herzegovina,3,Eastern European Group
2000,Bosnia and Herzegovina,35,Eastern European Group
2011,Bosnia and Herzegovina,36,Eastern European Group
2014,Bosnia and Herzegovina,1,Eastern European Group
2010,Bosnia and Herzegovina,36,Eastern European Group
2008,Bosnia and Herzegovina,36,Eastern European Group
2004,Bosnia and Herzegovina,14,Eastern European Group
2005,Bosnia and Herzegovina,36,Eastern European Group
1993,Bosnia and Herzegovina,56,Eastern European Group
2003,Bosnia and Herzegovina,35,Eastern European Group
1994,Bosnia and Herzegovina,123,Eastern European Group
2015,Bosnia and Herzegovina,2,Eastern European Group
2016,Burkina Faso,2,African Group
2010,Burkina Faso,1,African Group
2014,Burkina Faso,2,African Group
2013,Burkina Faso,3,African Group
2008,Burundi,4,African Group
2004,Burundi,4,African Group
2001,Burundi,4,African Group
2003,Burundi,4,African Group
2015,Burundi,1,African Group
2014,Burundi,1,African Group
2009,Burundi,4,African Group
2013,Burundi,1,African Group
2011,Burundi,3,African Group
2007,Burundi,4,African Group
2006,Burundi,4,African Group
1996,Burundi,3,African Group
2010,Burundi,5,African Group
2002,Burundi,4,African Group
2012,Burundi,1,African Group
2016,Burundi,1,African Group
2005,Burundi,4,African Group
2000,Burundi,4,African Group
2006,Cabo Verde,2,African Group
2015,Cameroon,18,African Group
1997,Cameroon,1,African Group
1996,Cameroon,3,African Group
2002,Cameroon,6,African Group
2009,Cameroon,6,African Group
2008,Cameroon,6,African Group
2007,Cameroon,6,African Group
2004,Cameroon,4,African Group
1995,Cameroon,3,African Group
2003,Cameroon,6,African Group
2000,Cameroon,7,African Group
2005,Cameroon,6,African Group
1999,Cameroon,1,African Group
2011,Cameroon,5,African Group
1998,Cameroon,1,African Group
2014,Cameroon,34,African Group
2010,Cameroon,6,African Group
2006,Cameroon,6,African Group
2016,Cameroon,9,African Group
2012,Cameroon,1,African Group
2001,Cameroon,6,African Group
2013,Cameroon,34,African Group
2014,Central African Rep.,4,African Group
2015,Central African Rep.,2,African Group
2004,Chad,1,African Group
2013,Chad,1,African Group
2011,Chad,1,African Group
2009,Chad,1,African Group
2007,Chad,1,African Group
2010,Chad,1,African Group
1994,Chad,1,African Group
2008,Chad,1,African Group
2006,Chad,1,African Group
2003,Chad,1,African Group
1995,Chile,3,Latin American and Caribbean Group (GRULAC)
1994,Chile,2,Latin American and Caribbean Group (GRULAC)
2016,China,13,Asia-Pacific Group
2008,China,5,Asia-Pacific Group
2007,China,3,Asia-Pacific Group
2017,China,15,Asia-Pacific Group
2010,China,4,Asia-Pacific Group
2011,China,3,Asia-Pacific Group
2006,China,4,Asia-Pacific Group
2009,China,6,Asia-Pacific Group
2004,China,4,Asia-Pacific Group
2005,China,1,Asia-Pacific Group
2001,"China, Macao SAR*",2,Asia-Pacific Group
2004,"China, Macao SAR*",5,Asia-Pacific Group
2007,Colombia,1,Latin American and Caribbean Group (GRULAC)
2009,Colombia,1,Latin American and Caribbean Group (GRULAC)
2010,Colombia,1,Latin American and Caribbean Group (GRULAC)
2004,Colombia,1,Latin American and Caribbean Group (GRULAC)
2005,Colombia,1,Latin American and Caribbean Group (GRULAC)
2000,Colombia,1,Latin American and Caribbean Group (GRULAC)
2001,Colombia,1,Latin American and Caribbean Group (GRULAC)
2006,Colombia,1,Latin American and Caribbean Group (GRULAC)
2003,Colombia,1,Latin American and Caribbean Group (GRULAC)
2008,Colombia,1,Latin American and Caribbean Group (GRULAC)
2002,Colombia,1,Latin American and Caribbean Group (GRULAC)
2014,Comoros,1,African Group
2010,Comoros,2,African Group
2002,Congo,20,African Group
2011,Congo,26,African Group
2003,Congo,21,African Group
2006,Congo,26,African Group
2012,Congo,6,African Group
2017,Congo,8,African Group
1997,Congo,2,African Group
2008,Congo,25,African Group
2015,Congo,13,African Group
1995,Congo,1,African Group
2001,Congo,20,African Group
2014,Congo,18,African Group
2004,Congo,24,African Group
2005,Congo,26,African Group
2013,Congo,16,African Group
2010,Congo,30,African Group
1999,Congo,3,African Group
2000,Congo,15,African Group
2009,Congo,28,African Group
2007,Congo,26,African Group
1998,Congo,4,African Group
1996,Congo,9,African Group
2016,Congo,12,African Group
2013,Cote d'Ivoire,48,African Group
2000,Cote d'Ivoire,2,African Group
2015,Cote d'Ivoire,23,African Group
2017,Cote d'Ivoire,4,African Group
2012,Cote d'Ivoire,2,African Group
2016,Cote d'Ivoire,12,African Group
2009,Cote d'Ivoire,2,African Group
2011,Cote d'Ivoire,3,African Group
2007,Cote d'Ivoire,2,African Group
2010,Cote d'Ivoire,2,African Group
2014,Cote d'Ivoire,58,African Group
2008,Cote d'Ivoire,2,African Group
2016,Cuba,1,Latin American and Caribbean Group (GRULAC)
2011,Cuba,8,Latin American and Caribbean Group (GRULAC)
2013,Cuba,7,Latin American and Caribbean Group (GRULAC)
2001,Cuba,3,Latin American and Caribbean Group (GRULAC)
2004,Cuba,7,Latin American and Caribbean Group (GRULAC)
2014,Cuba,2,Latin American and Caribbean Group (GRULAC)
2008,Cuba,8,Latin American and Caribbean Group (GRULAC)
2003,Cuba,3,Latin American and Caribbean Group (GRULAC)
2015,Cuba,1,Latin American and Caribbean Group (GRULAC)
2000,Cuba,3,Latin American and Caribbean Group (GRULAC)
2002,Cuba,3,Latin American and Caribbean Group (GRULAC)
2007,Cuba,7,Latin American and Caribbean Group (GRULAC)
2006,Cuba,7,Latin American and Caribbean Group (GRULAC)
2012,Cuba,5,Latin American and Caribbean Group (GRULAC)
2010,Cuba,8,Latin American and Caribbean Group (GRULAC)
2005,Cuba,7,Latin American and Caribbean Group (GRULAC)
2009,Cuba,8,Latin American and Caribbean Group (GRULAC)
2015,Dominican Rep.,1,Latin American and Caribbean Group (GRULAC)
2014,Dominican Rep.,1,Latin American and Caribbean Group (GRULAC)
2013,Dominican Rep.,2,Latin American and Caribbean Group (GRULAC)
2009,Ecuador,2,Latin American and Caribbean Group (GRULAC)
2011,Egypt,11,African Group
2006,Egypt,3,African Group
2010,Egypt,5,African Group
2002,Egypt,3,African Group
2005,Egypt,3,African Group
2009,Egypt,4,African Group
2003,Egypt,1,African Group
2016,Egypt,14,African Group
2014,Egypt,19,African Group
2013,Egypt,21,African Group
2004,Egypt,4,African Group
2001,Egypt,1,African Group
2015,Egypt,15,African Group
2008,Egypt,4,African Group
2000,Egypt,1,African Group
2012,Egypt,3,African Group
2017,Egypt,17,African Group
2008,Eritrea,10,African Group
2009,Eritrea,10,African Group
2016,Eritrea,7,African Group
2015,Eritrea,11,African Group
2001,Eritrea,8,African Group
2006,Eritrea,8,African Group
2011,Eritrea,10,African Group
2014,Eritrea,21,African Group
2012,Eritrea,3,African Group
2002,Eritrea,8,African Group
2013,Eritrea,20,African Group
2007,Eritrea,10,African Group
2004,Eritrea,8,African Group
2003,Eritrea,8,African Group
2017,Eritrea,10,African Group
2010,Eritrea,12,African Group
2005,Eritrea,8,African Group
2001,Ethiopia,59,African Group
1998,Ethiopia,29,African Group
2008,Ethiopia,57,African Group
2011,Ethiopia,62,African Group
2004,Ethiopia,60,African Group
2007,Ethiopia,55,African Group
2009,Ethiopia,59,African Group
2013,Ethiopia,14,African Group
2012,Ethiopia,9,African Group
1994,Ethiopia,48,African Group
1993,Ethiopia,8,African Group
1999,Ethiopia,38,African Group
2010,Ethiopia,63,African Group
2017,Ethiopia,13,African Group
2014,Ethiopia,13,African Group
2005,Ethiopia,55,African Group
2002,Ethiopia,57,African Group
1995,Ethiopia,77,African Group
2015,Ethiopia,12,African Group
2006,Ethiopia,55,African Group
1996,Ethiopia,84,African Group
1997,Ethiopia,24,African Group
2000,Ethiopia,49,African Group
2016,Ethiopia,13,African Group
2003,Ethiopia,58,African Group
2014,Gabon,2,African Group
2016,Gabon,1,African Group
2014,Gambia,13,African Group
2005,Gambia,2,African Group
2013,Gambia,3,African Group
2000,Gambia,2,African Group
2007,Gambia,2,African Group
2004,Gambia,2,African Group
2015,Gambia,7,African Group
2003,Gambia,2,African Group
2006,Gambia,2,African Group
2002,Gambia,2,African Group
2008,Gambia,2,African Group
2016,Gambia,4,African Group
2009,Gambia,2,African Group
2010,Gambia,2,African Group
2001,Gambia,2,African Group
2013,Georgia,12,Eastern European Group
2005,Georgia,3,Eastern European Group
1995,Georgia,2,Eastern European Group
2016,Georgia,5,Eastern European Group
2001,Georgia,1,Eastern European Group
2015,Georgia,8,Eastern European Group
2004,Georgia,3,Eastern European Group
2010,Georgia,13,Eastern European Group
2008,Georgia,6,Eastern European Group
1996,Georgia,2,Eastern European Group
2006,Georgia,7,Eastern European Group
2011,Georgia,15,Eastern European Group
2009,Georgia,8,Eastern European Group
2003,Georgia,1,Eastern European Group
2014,Georgia,6,Eastern European Group
2012,Georgia,6,Eastern European Group
1994,Georgia,2,Eastern European Group
2007,Georgia,5,Eastern European Group
2000,Georgia,6,Eastern European Group
2002,Georgia,1,Eastern European Group
2004,Germany,1,Western European and Others Group (WEOG)
2005,Ghana,1,African Group
2014,Ghana,52,African Group
2001,Ghana,3,African Group
2013,Ghana,57,African Group
2016,Ghana,14,African Group
2006,Ghana,1,African Group
2009,Ghana,2,African Group
2002,Ghana,1,African Group
2010,Ghana,2,African Group
2015,Ghana,28,African Group
2007,Ghana,1,African Group
2017,Ghana,8,African Group
2011,Ghana,4,African Group
2008,Ghana,1,African Group
2003,Ghana,1,African Group
2013,India,45,Asia-Pacific Group
2005,India,32,Asia-Pacific Group
2000,India,3,Asia-Pacific Group
2007,India,24,Asia-Pacific Group
2010,India,25,Asia-Pacific Group
2006,India,24,Asia-Pacific Group
2017,India,4,Asia-Pacific Group
2011,India,41,Asia-Pacific Group
2001,India,4,Asia-Pacific Group
2004,India,54,Asia-Pacific Group
2012,India,1,Asia-Pacific Group
2008,India,24,Asia-Pacific Group
2003,India,3,Asia-Pacific Group
2015,India,28,Asia-Pacific Group
2014,India,6,Asia-Pacific Group
2002,India,4,Asia-Pacific Group
2009,India,25,Asia-Pacific Group
2016,India,8,Asia-Pacific Group
2004,Iran (Islamic Rep. of),214,Asia-Pacific Group
2000,Iran (Islamic Rep. of),110,Asia-Pacific Group
1993,Iran (Islamic Rep. of),8,Asia-Pacific Group
2008,Iran (Islamic Rep. of),231,Asia-Pacific Group
1994,Iran (Islamic Rep. of),30,Asia-Pacific Group
2017,Iran (Islamic Rep. of),176,Asia-Pacific Group
2003,Iran (Islamic Rep. of),208,Asia-Pacific Group
2012,Iran (Islamic Rep. of),89,Asia-Pacific Group
1995,Iran (Islamic Rep. of),42,Asia-Pacific Group
2011,Iran (Islamic Rep. of),304,Asia-Pacific Group
2013,Iran (Islamic Rep. of),140,Asia-Pacific Group
2005,Iran (Islamic Rep. of),205,Asia-Pacific Group
2016,Iran (Islamic Rep. of),485,Asia-Pacific Group
1999,Iran (Islamic Rep. of),19,Asia-Pacific Group
2015,Iran (Islamic Rep. of),204,Asia-Pacific Group
2014,Iran (Islamic Rep. of),199,Asia-Pacific Group
2001,Iran (Islamic Rep. of),218,Asia-Pacific Group
2010,Iran (Islamic Rep. of),248,Asia-Pacific Group
2009,Iran (Islamic Rep. of),255,Asia-Pacific Group
2002,Iran (Islamic Rep. of),206,Asia-Pacific Group
1997,Iran (Islamic Rep. of),4,Asia-Pacific Group
2006,Iran (Islamic Rep. of),214,Asia-Pacific Group
1998,Iran (Islamic Rep. of),3,Asia-Pacific Group
1996,Iran (Islamic Rep. of),54,Asia-Pacific Group
2007,Iran (Islamic Rep. of),224,Asia-Pacific Group
2013,Iraq,1439,Asia-Pacific Group
2007,Iraq,1811,Asia-Pacific Group
2006,Iraq,1388,Asia-Pacific Group
2011,Iraq,2475,Asia-Pacific Group
2009,Iraq,2244,Asia-Pacific Group
2017,Iraq,2267,Asia-Pacific Group
2001,Iraq,1029,Asia-Pacific Group
2002,Iraq,1359,Asia-Pacific Group
2012,Iraq,1359,Asia-Pacific Group
2015,Iraq,4861,Asia-Pacific Group
2000,Iraq,327,Asia-Pacific Group
1999,Iraq,29,Asia-Pacific Group
1998,Iraq,18,Asia-Pacific Group
2003,Iraq,1285,Asia-Pacific Group
2016,Iraq,5477,Asia-Pacific Group
1994,Iraq,56,Asia-Pacific Group
1996,Iraq,100,Asia-Pacific Group
1995,Iraq,71,Asia-Pacific Group
2008,Iraq,2064,Asia-Pacific Group
2005,Iraq,1325,Asia-Pacific Group
2014,Iraq,1805,Asia-Pacific Group
1997,Iraq,17,Asia-Pacific Group
1993,Iraq,19,Asia-Pacific Group
2010,Iraq,2549,Asia-Pacific Group
2004,Iraq,1306,Asia-Pacific Group
2006,Israel*,1,Western European and Others Group (WEOG)
2013,Israel*,1,Western European and Others Group (WEOG)
2006,Jordan,3,Asia-Pacific Group
2007,Jordan,2,Asia-Pacific Group
2000,Jordan,2,Asia-Pacific Group
2011,Jordan,3,Asia-Pacific Group
2010,Jordan,5,Asia-Pacific Group
2001,Jordan,2,Asia-Pacific Group
1995,Jordan,1,Asia-Pacific Group
1996,Jordan,22,Asia-Pacific Group
2016,Jordan,9,Asia-Pacific Group
2005,Jordan,2,Asia-Pacific Group
2009,Jordan,3,Asia-Pacific Group
2013,Jordan,4,Asia-Pacific Group
2014,Jordan,9,Asia-Pacific Group
2004,Jordan,2,Asia-Pacific Group
2008,Jordan,2,Asia-Pacific Group
1994,Jordan,1,Asia-Pacific Group
2012,Jordan,1,Asia-Pacific Group
2003,Jordan,2,Asia-Pacific Group
2002,Jordan,2,Asia-Pacific Group
2017,Jordan,7,Asia-Pacific Group
2015,Jordan,8,Asia-Pacific Group
2000,Kazakhstan,1,Asia-Pacific Group
2011,Kazakhstan,2,Asia-Pacific Group
2017,Kazakhstan,4,Asia-Pacific Group
1996,Kenya,4,African Group
2014,Kuwait,1,Asia-Pacific Group
2011,Kyrgyzstan,5,Asia-Pacific Group
2010,Kyrgyzstan,6,Asia-Pacific Group
2009,Kyrgyzstan,1,Asia-Pacific Group
2017,Kyrgyzstan,7,Asia-Pacific Group
2016,Kyrgyzstan,6,Asia-Pacific Group
2013,Kyrgyzstan,1,Asia-Pacific Group
2011,Lao People's Dem. Rep.,1,Asia-Pacific Group
1995,Lebanon,9,Asia-Pacific Group
2017,Lebanon,23,Asia-Pacific Group
2011,Lebanon,36,Asia-Pacific Group
1994,Lebanon,1,Asia-Pacific Group
1993,Lebanon,1,Asia-Pacific Group
1996,Lebanon,13,Asia-Pacific Group
1999,Lebanon,4,Asia-Pacific Group
2009,Lebanon,38,Asia-Pacific Group
2012,Lebanon,7,Asia-Pacific Group
2002,Lebanon,28,Asia-Pacific Group
2013,Lebanon,25,Asia-Pacific Group
2015,Lebanon,41,Asia-Pacific Group
2008,Lebanon,39,Asia-Pacific Group
2004,Lebanon,30,Asia-Pacific Group
2001,Lebanon,32,Asia-Pacific Group
2000,Lebanon,35,Asia-Pacific Group
2014,Lebanon,33,Asia-Pacific Group
2005,Lebanon,30,Asia-Pacific Group
1998,Lebanon,4,Asia-Pacific Group
2007,Lebanon,34,Asia-Pacific Group
2016,Lebanon,36,Asia-Pacific Group
2006,Lebanon,37,Asia-Pacific Group
2010,Lebanon,38,Asia-Pacific Group
2003,Lebanon,25,Asia-Pacific Group
2008,Liberia,12,African Group
2010,Liberia,12,African Group
2011,Liberia,13,African Group
2009,Liberia,12,African Group
2007,Liberia,12,African Group
2012,Liberia,3,African Group
2013,Liberia,3,African Group
2014,Liberia,6,African Group
2001,Liberia,9,African Group
2004,Liberia,13,African Group
2002,Liberia,9,African Group
2005,Liberia,12,African Group
2015,Liberia,3,African Group
2003,Liberia,11,African Group
2000,Liberia,5,African Group
2006,Liberia,12,African Group
1996,Liberia,35,African Group
1995,Liberia,6,African Group
1998,Liberia,1,African Group
1993,Liberia,1,African Group
1997,Liberia,2,African Group
1999,Liberia,1,African Group
2016,Liberia,3,African Group
2015,Libya,7,African Group
2010,Libya,1,African Group
2007,Libya,1,African Group
2013,Libya,3,African Group
2009,Libya,1,African Group
2000,Libya,1,African Group
2016,Libya,5,African Group
2014,Libya,4,African Group
2012,Libya,1,African Group
2008,Libya,1,African Group
2011,Libya,4,African Group
2010,Lithuania,1,Eastern European Group
2005,Lithuania,1,Eastern European Group
2009,Lithuania,1,Eastern European Group
2008,Lithuania,1,Eastern European Group
1994,Lithuania,1,Eastern European Group
2007,Lithuania,1,Eastern European Group
2001,Lithuania,1,Eastern European Group
2000,Lithuania,1,Eastern European Group
2006,Lithuania,1,Eastern European Group
2003,Lithuania,1,Eastern European Group
1996,Lithuania,1,Eastern European Group
2002,Lithuania,1,Eastern European Group
2004,Lithuania,1,Eastern European Group
1995,Lithuania,1,Eastern European Group
2001,Malaysia,1,Asia-Pacific Group
2000,Malaysia,1,Asia-Pacific Group
2006,Malaysia,1,Asia-Pacific Group
2009,Malaysia,1,Asia-Pacific Group
2007,Malaysia,1,Asia-Pacific Group
2005,Malaysia,1,Asia-Pacific Group
2010,Malaysia,1,Asia-Pacific Group
2004,Malaysia,1,Asia-Pacific Group
2002,Malaysia,1,Asia-Pacific Group
2003,Malaysia,1,Asia-Pacific Group
2008,Malaysia,1,Asia-Pacific Group
2015,Mali,40,African Group
2004,Mali,1,African Group
2009,Mali,1,African Group
2002,Mali,1,African Group
2003,Mali,1,African Group
2014,Mali,71,African Group
2005,Mali,1,African Group
2013,Mali,98,African Group
2006,Mali,1,African Group
1996,Mali,1,African Group
2017,Mali,7,African Group
2001,Mali,1,African Group
2008,Mali,1,African Group
2011,Mali,1,African Group
2010,Mali,1,African Group
2007,Mali,1,African Group
2000,Mali,1,African Group
2016,Mali,13,African Group
2006,Mauritania,6,African Group
2005,Mauritania,6,African Group
2011,Mauritania,3,African Group
2003,Mauritania,1,African Group
2013,Mauritania,4,African Group
2010,Mauritania,6,African Group
2002,Mauritania,1,African Group
2004,Mauritania,6,African Group
2008,Mauritania,6,African Group
2015,Mauritania,1,African Group
2007,Mauritania,6,African Group
2016,Mauritania,1,African Group
2014,Mauritania,1,African Group
2001,Mauritania,1,African Group
2009,Mauritania,6,African Group
2001,Mongolia,2,Asia-Pacific Group
2013,Mongolia,2,Asia-Pacific Group
2008,Mongolia,3,Asia-Pacific Group
2003,Mongolia,2,Asia-Pacific Group
1994,Mongolia,2,Asia-Pacific Group
1995,Mongolia,2,Asia-Pacific Group
2009,Mongolia,3,Asia-Pacific Group
1996,Mongolia,2,Asia-Pacific Group
2002,Mongolia,2,Asia-Pacific Group
2000,Mongolia,2,Asia-Pacific Group
2010,Mongolia,5,Asia-Pacific Group
2006,Mongolia,2,Asia-Pacific Group
2005,Mongolia,2,Asia-Pacific Group
2004,Mongolia,2,Asia-Pacific Group
2007,Mongolia,3,Asia-Pacific Group
2011,Mongolia,2,Asia-Pacific Group
2011,Morocco,13,African Group
2010,Morocco,8,African Group
2003,Morocco,1,African Group
2008,Morocco,4,African Group
2009,Morocco,13,African Group
2016,Morocco,13,African Group
2015,Morocco,15,African Group
2007,Morocco,1,African Group
2014,Morocco,27,African Group
2005,Morocco,2,African Group
2006,Morocco,1,African Group
2013,Morocco,40,African Group
2015,Mozambique,1,African Group
2013,Myanmar,5,Asia-Pacific Group
2016,Myanmar,5,Asia-Pacific Group
2015,Myanmar,19,Asia-Pacific Group
2014,Myanmar,9,Asia-Pacific Group
2010,Nepal,2,Asia-Pacific Group
2011,Nepal,2,Asia-Pacific Group
2015,Nepal,2,Asia-Pacific Group
2014,Nepal,4,Asia-Pacific Group
2005,Nepal,5,Asia-Pacific Group
2009,Nepal,2,Asia-Pacific Group
2007,Nepal,2,Asia-Pacific Group
2013,Nepal,2,Asia-Pacific Group
2016,Nepal,11,Asia-Pacific Group
2006,Nepal,2,Asia-Pacific Group
2008,Nepal,2,Asia-Pacific Group
2012,Nepal,2,Asia-Pacific Group
2013,Niger,2,African Group
2014,Niger,2,African Group
2011,Nigeria,38,African Group
2005,Nigeria,23,African Group
2004,Nigeria,37,African Group
2014,Nigeria,12,African Group
2002,Nigeria,27,African Group
2009,Nigeria,17,African Group
2013,Nigeria,25,African Group
1995,Nigeria,3,African Group
2000,Nigeria,1,African Group
2010,Nigeria,14,African Group
2012,Nigeria,10,African Group
2007,Nigeria,21,African Group
2017,Nigeria,6,African Group
2016,Nigeria,10,African Group
2015,Nigeria,15,African Group
2003,Nigeria,25,African Group
1996,Nigeria,5,African Group
2006,Nigeria,21,African Group
2008,Nigeria,20,African Group
1994,Nigeria,1,African Group
2001,Nigeria,19,African Group
2001,Pakistan,28,Asia-Pacific Group
1995,Pakistan,4,Asia-Pacific Group
2007,Pakistan,33,Asia-Pacific Group
2005,Pakistan,38,Asia-Pacific Group
2011,Pakistan,36,Asia-Pacific Group
2010,Pakistan,47,Asia-Pacific Group
2016,Pakistan,1466,Asia-Pacific Group
1996,Pakistan,6,Asia-Pacific Group
2009,Pakistan,39,Asia-Pacific Group
2000,Pakistan,34,Asia-Pacific Group
2006,Pakistan,33,Asia-Pacific Group
2003,Pakistan,28,Asia-Pacific Group
2008,Pakistan,33,Asia-Pacific Group
2013,Pakistan,38,Asia-Pacific Group
2015,Pakistan,356,Asia-Pacific Group
2017,Pakistan,111,Asia-Pacific Group
1994,Pakistan,4,Asia-Pacific Group
2014,Pakistan,167,Asia-Pacific Group
2012,Pakistan,4,Asia-Pacific Group
2004,Pakistan,39,Asia-Pacific Group
2002,Pakistan,29,Asia-Pacific Group
2004,Papua New Guinea,6,Asia-Pacific Group
2012,Papua New Guinea,2,Asia-Pacific Group
2008,Papua New Guinea,5,Asia-Pacific Group
2009,Papua New Guinea,5,Asia-Pacific Group
2003,Papua New Guinea,5,Asia-Pacific Group
2016,Papua New Guinea,3,Asia-Pacific Group
2015,Papua New Guinea,5,Asia-Pacific Group
2013,Papua New Guinea,6,Asia-Pacific Group
2001,Papua New Guinea,4,Asia-Pacific Group
1996,Papua New Guinea,3,Asia-Pacific Group
2007,Papua New Guinea,5,Asia-Pacific Group
1995,Papua New Guinea,3,Asia-Pacific Group
2010,Papua New Guinea,5,Asia-Pacific Group
2006,Papua New Guinea,5,Asia-Pacific Group
2011,Papua New Guinea,2,Asia-Pacific Group
2014,Papua New Guinea,6,Asia-Pacific Group
2000,Papua New Guinea,4,Asia-Pacific Group
2002,Papua New Guinea,5,Asia-Pacific Group
2005,Papua New Guinea,5,Asia-Pacific Group
2009,Peru,1,Latin American and Caribbean Group (GRULAC)
2006,Peru,1,Latin American and Caribbean Group (GRULAC)
2005,Peru,1,Latin American and Caribbean Group (GRULAC)
2010,Peru,1,Latin American and Caribbean Group (GRULAC)
2007,Peru,1,Latin American and Caribbean Group (GRULAC)
2008,Peru,1,Latin American and Caribbean Group (GRULAC)
2000,Peru,5,Latin American and Caribbean Group (GRULAC)
2001,Peru,5,Latin American and Caribbean Group (GRULAC)
2015,Philippines,1,Asia-Pacific Group
2011,Poland,1,Eastern European Group
1996,Rep. of Moldova,2,Eastern European Group
1993,Rep. of Moldova,2,Eastern European Group
2010,Rep. of Moldova,3,Eastern European Group
2006,Rep. of Moldova,6,Eastern European Group
2008,Rep. of Moldova,5,Eastern European Group
2007,Rep. of Moldova,6,Eastern European Group
2005,Rep. of Moldova,6,Eastern European Group
1994,Rep. of Moldova,2,Eastern European Group
2013,Rep. of Moldova,5,Eastern European Group
2011,Rep. of Moldova,4,Eastern European Group
2001,Rep. of Moldova,4,Eastern European Group
2003,Rep. of Moldova,4,Eastern European Group
1995,Rep. of Moldova,2,Eastern European Group
2000,Rep. of Moldova,4,Eastern European Group
2004,Rep. of Moldova,6,Eastern European Group
2009,Rep. of Moldova,6,Eastern European Group
2002,Rep. of Moldova,9,Eastern European Group
2008,Republic of the Congo,37,African Group
1996,Republic of the Congo,30,African Group
2002,Republic of the Congo,47,African Group
2010,Republic of the Congo,40,African Group
2005,Republic of the Congo,37,African Group
2004,Republic of the Congo,38,African Group
2017,Republic of the Congo,7,African Group
1995,Republic of the Congo,27,African Group
2009,Republic of the Congo,37,African Group
2007,Republic of the Congo,37,African Group
2011,Republic of the Congo,36,African Group
2013,Republic of the Congo,21,African Group
2003,Republic of the Congo,43,African Group
1994,Republic of the Congo,22,African Group
2012,Republic of the Congo,3,African Group
2001,Republic of the Congo,44,African Group
2014,Republic of the Congo,14,African Group
1997,Republic of the Congo,23,African Group
1998,Republic of the Congo,4,African Group
2006,Republic of the Congo,37,African Group
2000,Republic of the Congo,43,African Group
1999,Republic of the Congo,4,African Group
2015,Republic of the Congo,7,African Group
2016,Republic of the Congo,8,African Group
2010,Russian Federation,26,Eastern European Group
2011,Russian Federation,25,Eastern European Group
2013,Russian Federation,18,Eastern European Group
2017,Russian Federation,20,Eastern European Group
2006,Russian Federation,19,Eastern European Group
2003,Russian Federation,8,Eastern European Group
2005,Russian Federation,16,Eastern European Group
2015,Russian Federation,12,Eastern European Group
2001,Russian Federation,2,Eastern European Group
2009,Russian Federation,26,Eastern European Group
2002,Russian Federation,2,Eastern European Group
2012,Russian Federation,9,Eastern European Group
2014,Russian Federation,5,Eastern European Group
2000,Russian Federation,12,Eastern European Group
2004,Russian Federation,12,Eastern European Group
2016,Russian Federation,23,Eastern European Group
2007,Russian Federation,21,Eastern European Group
2008,Russian Federation,23,Eastern European Group
2008,Rwanda,3,African Group
2015,Rwanda,7,African Group
1994,Rwanda,3,African Group
2001,Rwanda,2,African Group
1997,Rwanda,2,African Group
1998,Rwanda,1,African Group
1995,Rwanda,3,African Group
1996,Rwanda,11,African Group
2016,Rwanda,5,African Group
2009,Rwanda,3,African Group
2002,Rwanda,2,African Group
2006,Rwanda,2,African Group
1999,Rwanda,2,African Group
2012,Rwanda,1,African Group
2007,Rwanda,2,African Group
2004,Rwanda,3,African Group
2014,Rwanda,20,African Group
2000,Rwanda,3,African Group
2010,Rwanda,3,African Group
2005,Rwanda,2,African Group
2011,Rwanda,3,African Group
2003,Rwanda,2,African Group
2013,Rwanda,14,African Group
2014,Senegal,8,African Group
2003,Senegal,2,African Group
2008,Senegal,2,African Group
1994,Senegal,1,African Group
2002,Senegal,2,African Group
1996,Senegal,1,African Group
2001,Senegal,2,African Group
2010,Senegal,2,African Group
2007,Senegal,2,African Group
2011,Senegal,1,African Group
2005,Senegal,2,African Group
2004,Senegal,3,African Group
2000,Senegal,2,African Group
2013,Senegal,4,African Group
2015,Senegal,4,African Group
2009,Senegal,2,African Group
1995,Senegal,1,African Group
2006,Senegal,2,African Group
2015,Serbia and Kosovo (S/RES/1244 (1999)),1,Other / Not specified
2013,Serbia and Kosovo (S/RES/1244 (1999)),4,Other / Not specified
2014,Serbia and Kosovo (S/RES/1244 (1999)),1,Other / Not specified
2011,Serbia and Kosovo (S/RES/1244 (1999)),122,Other / Not specified
2016,Serbia and Kosovo (S/RES/1244 (1999)),1,Other / Not specified
1992,Serbia and Kosovo (S/RES/1244 (1999)),185,Other / Not specified
2004,Serbia and Kosovo (S/RES/1244 (1999)),407,Other / Not specified
2001,Serbia and Kosovo (S/RES/1244 (1999)),137,Other / Not specified
2009,Serbia and Kosovo (S/RES/1244 (1999)),142,Other / Not specified
1993,Serbia and Kosovo (S/RES/1244 (1999)),61,Other / Not specified
2010,Serbia and Kosovo (S/RES/1244 (1999)),140,Other / Not specified
2003,Serbia and Kosovo (S/RES/1244 (1999)),140,Other / Not specified
2000,Serbia and Kosovo (S/RES/1244 (1999)),132,Other / Not specified
2008,Serbia and Kosovo (S/RES/1244 (1999)),142,Other / Not specified
1999,Serbia and Kosovo (S/RES/1244 (1999)),203,Other / Not specified
1995,Serbia and Kosovo (S/RES/1244 (1999)),259,Other / Not specified
2005,Serbia and Kosovo (S/RES/1244 (1999)),141,Other / Not specified
1998,Serbia and Kosovo (S/RES/1244 (1999)),15,Other / Not specified
2002,Serbia and Kosovo (S/RES/1244 (1999)),141,Other / Not specified
2007,Serbia and Kosovo (S/RES/1244 (1999)),142,Other / Not specified
1994,Serbia and Kosovo (S/RES/1244 (1999)),156,Other / Not specified
1997,Serbia and Kosovo (S/RES/1244 (1999)),12,Other / Not specified
2006,Serbia and Kosovo (S/RES/1244 (1999)),146,Other / Not specified
1996,Serbia and Kosovo (S/RES/1244 (1999)),160,Other / Not specified
2013,Sierra Leone,3,African Group
2002,Sierra Leone,22,African Group
2014,Sierra Leone,7,African Group
2007,Sierra Leone,21,African Group
2000,Sierra Leone,15,African Group
2008,Sierra Leone,21,African Group
1994,Sierra Leone,1,African Group
2004,Sierra Leone,21,African Group
1996,Sierra Leone,1,African Group
2015,Sierra Leone,2,African Group
1995,Sierra Leone,1,African Group
2011,Sierra Leone,12,African Group
2010,Sierra Leone,20,African Group
2005,Sierra Leone,21,African Group
2006,Sierra Leone,21,African Group
2001,Sierra Leone,32,African Group
2009,Sierra Leone,21,African Group
2003,Sierra Leone,21,African Group
2015,Singapore,1,Asia-Pacific Group
2016,Singapore,2,Asia-Pacific Group
2014,Singapore,1,Asia-Pacific Group
2013,Somalia,151,African Group
2012,Somalia,93,African Group
1993,Somalia,8,African Group
2014,Somalia,87,African Group
1994,Somalia,16,African Group
2009,Somalia,140,African Group
2004,Somalia,100,African Group
1995,Somalia,19,African Group
2005,Somalia,117,African Group
2007,Somalia,120,African Group
2003,Somalia,72,African Group
2008,Somalia,131,African Group
2002,Somalia,46,African Group
2006,Somalia,119,African Group
1997,Somalia,9,African Group
1996,Somalia,23,African Group
1999,Somalia,9,African Group
2017,Somalia,56,African Group
2010,Somalia,140,African Group
2015,Somalia,63,African Group
2000,Somalia,18,African Group
1998,Somalia,8,African Group
2016,Somalia,51,African Group
2001,Somalia,30,African Group
2011,Somalia,169,African Group
2009,South Africa,1,African Group
2011,South Africa,1,African Group
2010,South Africa,1,African Group
2007,South Africa,1,African Group
2008,South Africa,1,African Group
2013,South Africa,1,African Group
2014,Sri Lanka,6,Asia-Pacific Group
2010,Sri Lanka,22,Asia-Pacific Group
2005,Sri Lanka,16,Asia-Pacific Group
2000,Sri Lanka,16,Asia-Pacific Group
2004,Sri Lanka,17,Asia-Pacific Group
2007,Sri Lanka,16,Asia-Pacific Group
2001,Sri Lanka,17,Asia-Pacific Group
2008,Sri Lanka,25,Asia-Pacific Group
2011,Sri Lanka,7,Asia-Pacific Group
2006,Sri Lanka,16,Asia-Pacific Group
2003,Sri Lanka,16,Asia-Pacific Group
2012,Sri Lanka,2,Asia-Pacific Group
2016,Sri Lanka,45,Asia-Pacific Group
2009,Sri Lanka,21,Asia-Pacific Group
2013,Sri Lanka,3,Asia-Pacific Group
2002,Sri Lanka,16,Asia-Pacific Group
2017,Sri Lanka,4,Asia-Pacific Group
2015,Sri Lanka,9,Asia-Pacific Group
2014,State of Palestine*,2,Asia-Pacific Group
2015,State of Palestine*,2,Asia-Pacific Group
1994,State of Palestine*,8,Asia-Pacific Group
2016,State of Palestine*,3,Asia-Pacific Group
2004,State of Palestine*,19,Asia-Pacific Group
2006,Stateless,209,Other / Not specified
1997,Stateless,48,Other / Not specified
2013,Stateless,665,Other / Not specified
1996,Stateless,108,Other / Not specified
2007,Stateless,235,Other / Not specified
2010,Stateless,313,Other / Not specified
2005,Stateless,219,Other / Not specified
2001,Stateless,196,Other / Not specified
2011,Stateless,304,Other / Not specified
2009,Stateless,325,Other / Not specified
2017,Stateless,1045,Other / Not specified
2002,Stateless,198,Other / Not specified
2015,Stateless,1051,Other / Not specified
2004,Stateless,224,Other / Not specified
2012,Stateless,83,Other / Not specified
2003,Stateless,207,Other / Not specified
2016,Stateless,1070,Other / Not specified
2014,Stateless,980,Other / Not specified
2000,Stateless,163,Other / Not specified
2008,Stateless,260,Other / Not specified
1995,Stateless,75,Other / Not specified
1997,Sudan,11,African Group
2001,Sudan,86,African Group
1998,Sudan,10,African Group
2002,Sudan,158,African Group
1995,Sudan,9,African Group
2015,Sudan,29,African Group
2013,Sudan,50,African Group
1994,Sudan,3,African Group
2016,Sudan,23,African Group
2005,Sudan,171,African Group
1996,Sudan,20,African Group
2000,Sudan,21,African Group
2003,Sudan,168,African Group
2014,Sudan,45,African Group
1999,Sudan,15,African Group
2004,Sudan,163,African Group
2009,Sudan,192,African Group
2007,Sudan,180,African Group
2008,Sudan,189,African Group
2010,Sudan,200,African Group
1993,Sudan,1,African Group
2017,Sudan,16,African Group
2011,Sudan,192,African Group
2006,Sudan,173,African Group
2012,Sudan,29,African Group
2014,Syrian Arab Rep.,11011,Asia-Pacific Group
2011,Syrian Arab Rep.,168,Asia-Pacific Group
2005,Syrian Arab Rep.,78,Asia-Pacific Group
1998,Syrian Arab Rep.,1,Asia-Pacific Group
2007,Syrian Arab Rep.,85,Asia-Pacific Group
1999,Syrian Arab Rep.,2,Asia-Pacific Group
2000,Syrian Arab Rep.,36,Asia-Pacific Group
2002,Syrian Arab Rep.,61,Asia-Pacific Group
2016,Syrian Arab Rep.,16988,Asia-Pacific Group
1993,Syrian Arab Rep.,1,Asia-Pacific Group
2012,Syrian Arab Rep.,97,Asia-Pacific Group
1995,Syrian Arab Rep.,31,Asia-Pacific Group
2015,Syrian Arab Rep.,15502,Asia-Pacific Group
2017,Syrian Arab Rep.,16956,Asia-Pacific Group
2003,Syrian Arab Rep.,65,Asia-Pacific Group
2001,Syrian Arab Rep.,58,Asia-Pacific Group
2009,Syrian Arab Rep.,100,Asia-Pacific Group
2008,Syrian Arab Rep.,90,Asia-Pacific Group
2006,Syrian Arab Rep.,79,Asia-Pacific Group
2004,Syrian Arab Rep.,74,Asia-Pacific Group
2013,Syrian Arab Rep.,4604,Asia-Pacific Group
1996,Syrian Arab Rep.,37,Asia-Pacific Group
1997,Syrian Arab Rep.,1,Asia-Pacific Group
2010,Syrian Arab Rep.,125,Asia-Pacific Group
1994,Syrian Arab Rep.,26,Asia-Pacific Group
2003,Tajikistan,2,Asia-Pacific Group
1996,Tajikistan,3,Asia-Pacific Group
2008,Tajikistan,2,Asia-Pacific Group
2001,Tajikistan,2,Asia-Pacific Group
2009,Tajikistan,2,Asia-Pacific Group
2004,Tajikistan,2,Asia-Pacific Group
2000,Tajikistan,2,Asia-Pacific Group
2010,Tajikistan,2,Asia-Pacific Group
1995,Tajikistan,3,Asia-Pacific Group
2005,Tajikistan,2,Asia-Pacific Group
2002,Tajikistan,2,Asia-Pacific Group
1994,Tajikistan,3,Asia-Pacific Group
2007,Tajikistan,2,Asia-Pacific Group
2013,The former Yugoslav Republic of Macedonia,2,Eastern European Group
2011,The former Yugoslav Republic of Macedonia,2,Eastern European Group
2005,The former Yugoslav Republic of Macedonia,1,Eastern European Group
2010,The former Yugoslav Republic of Macedonia,1,Eastern European Group
2006,The former Yugoslav Republic of Macedonia,1,Eastern European Group
2007,The former Yugoslav Republic of Macedonia,1,Eastern European Group
2009,The former Yugoslav Republic of Macedonia,1,Eastern European Group
2008,The former Yugoslav Republic of Macedonia,1,Eastern European Group
2001,Togo,1,African Group
2014,Togo,3,African Group
2013,Togo,9,African Group
2005,Tunisia,12,African Group
2014,Tunisia,9,African Group
2009,Tunisia,15,African Group
2012,Tunisia,5,African Group
2016,Tunisia,8,African Group
2013,Tunisia,28,African Group
2003,Tunisia,10,African Group
2017,Tunisia,4,African Group
2006,Tunisia,12,African Group
2002,Tunisia,9,African Group
1996,Tunisia,3,African Group
2008,Tunisia,13,African Group
2015,Tunisia,11,African Group
2010,Tunisia,14,African Group
2000,Tunisia,7,African Group
2004,Tunisia,12,African Group
2011,Tunisia,23,African Group
2001,Tunisia,8,African Group
2007,Tunisia,12,African Group
2002,Turkey*,93,Asia-Pacific Group
2017,Turkey*,32,Asia-Pacific Group
2008,Turkey*,94,Asia-Pacific Group
2006,Turkey*,91,Asia-Pacific Group
2001,Turkey*,90,Asia-Pacific Group
1995,Turkey*,30,Asia-Pacific Group
2000,Turkey*,61,Asia-Pacific Group
2005,Turkey*,90,Asia-Pacific Group
1994,Turkey*,7,Asia-Pacific Group
2007,Turkey*,93,Asia-Pacific Group
2011,Turkey*,112,Asia-Pacific Group
2004,Turkey*,90,Asia-Pacific Group
2009,Turkey*,100,Asia-Pacific Group
2015,Turkey*,14,Asia-Pacific Group
2003,Turkey*,83,Asia-Pacific Group
1996,Turkey*,44,Asia-Pacific Group
2013,Turkey*,28,Asia-Pacific Group
1997,Turkey*,1,Asia-Pacific Group
2016,Turkey*,23,Asia-Pacific Group
2012,Turkey*,23,Asia-Pacific Group
2014,Turkey*,22,Asia-Pacific Group
2010,Turkey*,97,Asia-Pacific Group
2011,Turkmenistan,2,Asia-Pacific Group
2001,Turkmenistan,1,Asia-Pacific Group
2016,Turkmenistan,1,Asia-Pacific Group
2009,Turkmenistan,2,Asia-Pacific Group
2010,Turkmenistan,3,Asia-Pacific Group
2005,Turkmenistan,2,Asia-Pacific Group
2006,Turkmenistan,2,Asia-Pacific Group
2007,Turkmenistan,2,Asia-Pacific Group
2003,Turkmenistan,2,Asia-Pacific Group
2002,Turkmenistan,2,Asia-Pacific Group
2004,Turkmenistan,2,Asia-Pacific Group
2013,Turkmenistan,1,Asia-Pacific Group
2008,Turkmenistan,2,Asia-Pacific Group
2009,Uganda,1,African Group
2014,Uganda,3,African Group
2011,Uganda,1,African Group
2013,Uganda,3,African Group
2015,Uganda,3,African Group
2010,Uganda,1,African Group
2016,Uganda,1,African Group
2008,Uganda,1,African Group
2012,Uganda,1,African Group
2015,Ukraine,76,Eastern European Group
2004,Ukraine,2,Eastern European Group
2011,Ukraine,2,Eastern European Group
2017,Ukraine,50,Eastern European Group
2005,Ukraine,3,Eastern European Group
2009,Ukraine,7,Eastern European Group
2000,Ukraine,1,Eastern European Group
2014,Ukraine,36,Eastern European Group
2010,Ukraine,8,Eastern European Group
2016,Ukraine,79,Eastern European Group
2016,United Arab Emirates,1,Asia-Pacific Group
2007,United Arab Emirates,6,Asia-Pacific Group
2014,United Arab Emirates,1,Asia-Pacific Group
2013,United Arab Emirates,1,Asia-Pacific Group
2015,United Arab Emirates,1,Asia-Pacific Group
2010,United Rep. of Tanzania,4,African Group
2006,United Rep. of Tanzania,5,African Group
2008,United Rep. of Tanzania,4,African Group
2011,United Rep. of Tanzania,7,African Group
2013,United Rep. of Tanzania,1,African Group
2004,United Rep. of Tanzania,4,African Group
1999,United Rep. of Tanzania,6,African Group
2005,United Rep. of Tanzania,5,African Group
2000,United Rep. of Tanzania,3,African Group
2016,United Rep. of Tanzania,4,African Group
2007,United Rep. of Tanzania,4,African Group
2001,United Rep. of Tanzania,4,African Group
2002,United Rep. of Tanzania,3,African Group
2014,United Rep. of Tanzania,4,African Group
2009,United Rep. of Tanzania,4,African Group
2003,United Rep. of Tanzania,3,African Group
2012,United Rep. of Tanzania,1,African Group
2015,United Rep. of Tanzania,6,African Group
2016,Uruguay,1,Latin American and Caribbean Group (GRULAC)
2015,Uruguay,1,Latin American and Caribbean Group (GRULAC)
2008,Uzbekistan,4,Asia-Pacific Group
2010,Uzbekistan,4,Asia-Pacific Group
1999,Uzbekistan,2,Asia-Pacific Group
2007,Uzbekistan,4,Asia-Pacific Group
2015,Uzbekistan,1,Asia-Pacific Group
2014,Uzbekistan,1,Asia-Pacific Group
2009,Uzbekistan,4,Asia-Pacific Group
2013,Uzbekistan,2,Asia-Pacific Group
2006,Uzbekistan,4,Asia-Pacific Group
2005,Uzbekistan,4,Asia-Pacific Group
2011,Uzbekistan,4,Asia-Pacific Group
2010,Various/Unknown,5,Other / Not specified
1992,Various/Unknown,33,Other / Not specified
2006,Various/Unknown,2,Other / Not specified
1993,Various/Unknown,1,Other / Not specified
2012,Various/Unknown,1270,Other / Not specified
1998,Various/Unknown,41,Other / Not specified
2004,Various/Unknown,68,Other / Not specified
1994,Various/Unknown,6,Other / Not specified
2005,Viet Nam,3,Asia-Pacific Group
2008,Viet Nam,6,Asia-Pacific Group
2011,Viet Nam,3,Asia-Pacific Group
2009,Viet Nam,4,Asia-Pacific Group
2007,Viet Nam,5,Asia-Pacific Group
2006,Viet Nam,5,Asia-Pacific Group
2013,Viet Nam,2,Asia-Pacific Group
2002,Viet Nam,1,Asia-Pacific Group
2013,Western Sahara*,1,African Group
2011,Western Sahara*,1,African Group
2004,Western Sahara*,2,African Group
2016,Yemen,12,Asia-Pacific Group
1994,Yemen,5,Asia-Pacific Group
2017,Yemen,11,Asia-Pacific Group
1996,Yemen,5,Asia-Pacific Group
2010,Yemen,5,Asia-Pacific Group
2011,Yemen,2,Asia-Pacific Group
2009,Yemen,6,Asia-Pacific Group
2008,Yemen,5,Asia-Pacific Group
2007,Yemen,5,Asia-Pacific Group
2006,Yemen,6,Asia-Pacific Group
2013,Yemen,2,Asia-Pacific Group
1995,Yemen,5,Asia-Pacific Group
2004,Yemen,6,Asia-Pacific Group
2003,Yemen,6,Asia-Pacific Group
2014,Yemen,2,Asia-Pacific Group
2005,Yemen,6,Asia-Pacific Group
2015,Yemen,1,Asia-Pacific Group
2000,Yemen,6,Asia-Pacific Group
2002,Yemen,6,Asia-Pacific Group
2001,Yemen,6,Asia-Pacific Group
2016,Zambia,1,African Group
2015,Zambia,1,African Group
2011,Zambia,2,African Group
2009,Zambia,1,African Group
2008,Zambia,1,African Group
2007,Zambia,1,African Group
2000,Zambia,1,African Group
2014,Zambia,1,African Group
2006,Zambia,1,African Group
2010,Zambia,1,African Group
2005,Zambia,1,African Group
2004,Zambia,4,African Group
2002,Zambia,1,African Group
2001,Zambia,1,African Group
2003,Zambia,1,African Group
2013,Zimbabwe,2,African Group
2015,Zimbabwe,1,African Group
2014,Zimbabwe,1,African Group
2002,Zimbabwe,1,African Group
2011,Zimbabwe,2,African Group
2009,Zimbabwe,2,African Group
2008,Zimbabwe,2,African Group
2010,Zimbabwe,2,African Group
2012,Zimbabwe,2,African Group
2007,Zimbabwe,2,African Group
2004,Zimbabwe,1,African Group
2005,Zimbabwe,1,African Group
2003,Zimbabwe,1,African Group
2006,Zimbabwe,2,African Group
